tbl,id,doc
locations,1,"{""id"":1,""kind"":""country"",""parent_id"":null,""name"":""India"",""slug"":""india"",""code"":""IN"",""pin_code"":null,""latitude"":null,""longitude"":null,""search_text"":""India"",""is_active"":1}"
locations,2,"{""id"":2,""kind"":""state"",""parent_id"":1,""name"":""Assam"",""slug"":""assam"",""code"":""AS"",""pin_code"":null,""latitude"":null,""longitude"":null,""search_text"":""Assam, India"",""is_active"":1}"
locations,3,"{""id"":3,""kind"":""district"",""parent_id"":2,""name"":""Kamrup Metropolitan"",""slug"":""kamrup-metropolitan"",""code"":null,""pin_code"":null,""latitude"":null,""longitude"":null,""search_text"":""Kamrup Metropolitan, Assam, India"",""is_active"":1}"
locations,4,"{""id"":4,""kind"":""city"",""parent_id"":3,""name"":""Guwahati"",""slug"":""guwahati"",""code"":null,""pin_code"":null,""latitude"":26.1445,""longitude"":91.7362,""search_text"":""Guwahati, Kamrup Metropolitan, Assam, India"",""is_active"":1}"
locations,5,"{""id"":5,""kind"":""locality"",""parent_id"":4,""name"":""Uzan Bazar"",""slug"":""uzan-bazar"",""code"":null,""pin_code"":null,""latitude"":null,""longitude"":null,""search_text"":""Uzan Bazar, Guwahati, Kamrup Metropolitan, Assam, India"",""is_active"":1}"
locations,6,"{""id"":6,""kind"":""pincode"",""parent_id"":5,""name"":""781001"",""slug"":""pin-781001"",""code"":null,""pin_code"":""781001"",""latitude"":null,""longitude"":null,""search_text"":""781001, Uzan Bazar, Guwahati, Kamrup Metropolitan, Assam, India"",""is_active"":1}"
locations,7,"{""id"":7,""kind"":""locality"",""parent_id"":4,""name"":""Dispur"",""slug"":""dispur"",""code"":null,""pin_code"":null,""latitude"":null,""longitude"":null,""search_text"":""Dispur, Guwahati, Kamrup Metropolitan, Assam, India"",""is_active"":1}"
locations,8,"{""id"":8,""kind"":""pincode"",""parent_id"":7,""name"":""781006"",""slug"":""pin-781006"",""code"":null,""pin_code"":""781006"",""latitude"":null,""longitude"":null,""search_text"":""781006, Dispur, Guwahati, Kamrup Metropolitan, Assam, India"",""is_active"":1}"
locations,9,"{""id"":9,""kind"":""locality"",""parent_id"":4,""name"":""Jalukbari"",""slug"":""jalukbari"",""code"":null,""pin_code"":null,""latitude"":null,""longitude"":null,""search_text"":""Jalukbari, Guwahati, Kamrup Metropolitan, Assam, India"",""is_active"":1}"
locations,10,"{""id"":10,""kind"":""pincode"",""parent_id"":9,""name"":""781014"",""slug"":""pin-781014"",""code"":null,""pin_code"":""781014"",""latitude"":null,""longitude"":null,""search_text"":""781014, Jalukbari, Guwahati, Kamrup Metropolitan, Assam, India"",""is_active"":1}"
locations,11,"{""id"":11,""kind"":""locality"",""parent_id"":4,""name"":""Basistha"",""slug"":""basistha"",""code"":null,""pin_code"":null,""latitude"":null,""longitude"":null,""search_text"":""Basistha, Guwahati, Kamrup Metropolitan, Assam, India"",""is_active"":1}"
locations,12,"{""id"":12,""kind"":""pincode"",""parent_id"":11,""name"":""781028"",""slug"":""pin-781028"",""code"":null,""pin_code"":""781028"",""latitude"":null,""longitude"":null,""search_text"":""781028, Basistha, Guwahati, Kamrup Metropolitan, Assam, India"",""is_active"":1}"
locations,13,"{""id"":13,""kind"":""district"",""parent_id"":2,""name"":""Kamrup"",""slug"":""kamrup"",""code"":null,""pin_code"":null,""latitude"":null,""longitude"":null,""search_text"":""Kamrup, Assam, India"",""is_active"":1}"
locations,14,"{""id"":14,""kind"":""city"",""parent_id"":13,""name"":""Hajo"",""slug"":""hajo"",""code"":null,""pin_code"":null,""latitude"":26.2414,""longitude"":91.5294,""search_text"":""Hajo, Kamrup, Assam, India"",""is_active"":1}"
locations,15,"{""id"":15,""kind"":""locality"",""parent_id"":14,""name"":""Hajo Town"",""slug"":""hajo-town"",""code"":null,""pin_code"":null,""latitude"":null,""longitude"":null,""search_text"":""Hajo Town, Hajo, Kamrup, Assam, India"",""is_active"":1}"
locations,16,"{""id"":16,""kind"":""pincode"",""parent_id"":15,""name"":""781102"",""slug"":""pin-781102"",""code"":null,""pin_code"":""781102"",""latitude"":null,""longitude"":null,""search_text"":""781102, Hajo Town, Hajo, Kamrup, Assam, India"",""is_active"":1}"
locations,17,"{""id"":17,""kind"":""district"",""parent_id"":2,""name"":""Dibrugarh"",""slug"":""dibrugarh"",""code"":null,""pin_code"":null,""latitude"":null,""longitude"":null,""search_text"":""Dibrugarh, Assam, India"",""is_active"":1}"
locations,18,"{""id"":18,""kind"":""city"",""parent_id"":17,""name"":""Dibrugarh"",""slug"":""dibrugarh"",""code"":null,""pin_code"":null,""latitude"":27.4728,""longitude"":94.912,""search_text"":""Dibrugarh, Dibrugarh, Assam, India"",""is_active"":1}"
locations,19,"{""id"":19,""kind"":""locality"",""parent_id"":18,""name"":""Graham Bazar"",""slug"":""graham-bazar"",""code"":null,""pin_code"":null,""latitude"":null,""longitude"":null,""search_text"":""Graham Bazar, Dibrugarh, Dibrugarh, Assam, India"",""is_active"":1}"
locations,20,"{""id"":20,""kind"":""pincode"",""parent_id"":19,""name"":""786001"",""slug"":""pin-786001"",""code"":null,""pin_code"":""786001"",""latitude"":null,""longitude"":null,""search_text"":""786001, Graham Bazar, Dibrugarh, Dibrugarh, Assam, India"",""is_active"":1}"
locations,21,"{""id"":21,""kind"":""state"",""parent_id"":1,""name"":""Maharashtra"",""slug"":""maharashtra"",""code"":""MH"",""pin_code"":null,""latitude"":null,""longitude"":null,""search_text"":""Maharashtra, India"",""is_active"":1}"
locations,22,"{""id"":22,""kind"":""district"",""parent_id"":21,""name"":""Mumbai Suburban"",""slug"":""mumbai-suburban"",""code"":null,""pin_code"":null,""latitude"":null,""longitude"":null,""search_text"":""Mumbai Suburban, Maharashtra, India"",""is_active"":1}"
locations,23,"{""id"":23,""kind"":""city"",""parent_id"":22,""name"":""Mumbai"",""slug"":""mumbai"",""code"":null,""pin_code"":null,""latitude"":19.076,""longitude"":72.8777,""search_text"":""Mumbai, Mumbai Suburban, Maharashtra, India"",""is_active"":1}"
locations,24,"{""id"":24,""kind"":""locality"",""parent_id"":23,""name"":""Andheri East"",""slug"":""andheri-east"",""code"":null,""pin_code"":null,""latitude"":null,""longitude"":null,""search_text"":""Andheri East, Mumbai, Mumbai Suburban, Maharashtra, India"",""is_active"":1}"
locations,25,"{""id"":25,""kind"":""pincode"",""parent_id"":24,""name"":""400069"",""slug"":""pin-400069"",""code"":null,""pin_code"":""400069"",""latitude"":null,""longitude"":null,""search_text"":""400069, Andheri East, Mumbai, Mumbai Suburban, Maharashtra, India"",""is_active"":1}"
locations,26,"{""id"":26,""kind"":""locality"",""parent_id"":23,""name"":""Bandra West"",""slug"":""bandra-west"",""code"":null,""pin_code"":null,""latitude"":null,""longitude"":null,""search_text"":""Bandra West, Mumbai, Mumbai Suburban, Maharashtra, India"",""is_active"":1}"
locations,27,"{""id"":27,""kind"":""pincode"",""parent_id"":26,""name"":""400050"",""slug"":""pin-400050"",""code"":null,""pin_code"":""400050"",""latitude"":null,""longitude"":null,""search_text"":""400050, Bandra West, Mumbai, Mumbai Suburban, Maharashtra, India"",""is_active"":1}"
locations,28,"{""id"":28,""kind"":""locality"",""parent_id"":23,""name"":""Borivali West"",""slug"":""borivali-west"",""code"":null,""pin_code"":null,""latitude"":null,""longitude"":null,""search_text"":""Borivali West, Mumbai, Mumbai Suburban, Maharashtra, India"",""is_active"":1}"
locations,29,"{""id"":29,""kind"":""pincode"",""parent_id"":28,""name"":""400092"",""slug"":""pin-400092"",""code"":null,""pin_code"":""400092"",""latitude"":null,""longitude"":null,""search_text"":""400092, Borivali West, Mumbai, Mumbai Suburban, Maharashtra, India"",""is_active"":1}"
locations,30,"{""id"":30,""kind"":""district"",""parent_id"":21,""name"":""Pune"",""slug"":""pune"",""code"":null,""pin_code"":null,""latitude"":null,""longitude"":null,""search_text"":""Pune, Maharashtra, India"",""is_active"":1}"
locations,31,"{""id"":31,""kind"":""city"",""parent_id"":30,""name"":""Pune"",""slug"":""pune"",""code"":null,""pin_code"":null,""latitude"":18.5204,""longitude"":73.8567,""search_text"":""Pune, Pune, Maharashtra, India"",""is_active"":1}"
locations,32,"{""id"":32,""kind"":""locality"",""parent_id"":31,""name"":""Kothrud"",""slug"":""kothrud"",""code"":null,""pin_code"":null,""latitude"":null,""longitude"":null,""search_text"":""Kothrud, Pune, Pune, Maharashtra, India"",""is_active"":1}"
locations,33,"{""id"":33,""kind"":""pincode"",""parent_id"":32,""name"":""411038"",""slug"":""pin-411038"",""code"":null,""pin_code"":""411038"",""latitude"":null,""longitude"":null,""search_text"":""411038, Kothrud, Pune, Pune, Maharashtra, India"",""is_active"":1}"
locations,34,"{""id"":34,""kind"":""locality"",""parent_id"":31,""name"":""Hinjewadi"",""slug"":""hinjewadi"",""code"":null,""pin_code"":null,""latitude"":null,""longitude"":null,""search_text"":""Hinjewadi, Pune, Pune, Maharashtra, India"",""is_active"":1}"
locations,35,"{""id"":35,""kind"":""pincode"",""parent_id"":34,""name"":""411057"",""slug"":""pin-411057"",""code"":null,""pin_code"":""411057"",""latitude"":null,""longitude"":null,""search_text"":""411057, Hinjewadi, Pune, Pune, Maharashtra, India"",""is_active"":1}"
locations,36,"{""id"":36,""kind"":""locality"",""parent_id"":31,""name"":""Kharadi"",""slug"":""kharadi"",""code"":null,""pin_code"":null,""latitude"":null,""longitude"":null,""search_text"":""Kharadi, Pune, Pune, Maharashtra, India"",""is_active"":1}"
locations,37,"{""id"":37,""kind"":""pincode"",""parent_id"":36,""name"":""411014"",""slug"":""pin-411014"",""code"":null,""pin_code"":""411014"",""latitude"":null,""longitude"":null,""search_text"":""411014, Kharadi, Pune, Pune, Maharashtra, India"",""is_active"":1}"
locations,38,"{""id"":38,""kind"":""district"",""parent_id"":21,""name"":""Nagpur"",""slug"":""nagpur"",""code"":null,""pin_code"":null,""latitude"":null,""longitude"":null,""search_text"":""Nagpur, Maharashtra, India"",""is_active"":1}"
locations,39,"{""id"":39,""kind"":""city"",""parent_id"":38,""name"":""Nagpur"",""slug"":""nagpur"",""code"":null,""pin_code"":null,""latitude"":21.1458,""longitude"":79.0882,""search_text"":""Nagpur, Nagpur, Maharashtra, India"",""is_active"":1}"
locations,40,"{""id"":40,""kind"":""locality"",""parent_id"":39,""name"":""Dharampeth"",""slug"":""dharampeth"",""code"":null,""pin_code"":null,""latitude"":null,""longitude"":null,""search_text"":""Dharampeth, Nagpur, Nagpur, Maharashtra, India"",""is_active"":1}"
locations,41,"{""id"":41,""kind"":""pincode"",""parent_id"":40,""name"":""440010"",""slug"":""pin-440010"",""code"":null,""pin_code"":""440010"",""latitude"":null,""longitude"":null,""search_text"":""440010, Dharampeth, Nagpur, Nagpur, Maharashtra, India"",""is_active"":1}"
locations,42,"{""id"":42,""kind"":""state"",""parent_id"":1,""name"":""Karnataka"",""slug"":""karnataka"",""code"":""KA"",""pin_code"":null,""latitude"":null,""longitude"":null,""search_text"":""Karnataka, India"",""is_active"":1}"
locations,43,"{""id"":43,""kind"":""district"",""parent_id"":42,""name"":""Bengaluru Urban"",""slug"":""bengaluru-urban"",""code"":null,""pin_code"":null,""latitude"":null,""longitude"":null,""search_text"":""Bengaluru Urban, Karnataka, India"",""is_active"":1}"
locations,44,"{""id"":44,""kind"":""city"",""parent_id"":43,""name"":""Bengaluru"",""slug"":""bengaluru"",""code"":null,""pin_code"":null,""latitude"":12.9716,""longitude"":77.5946,""search_text"":""Bengaluru, Bengaluru Urban, Karnataka, India"",""is_active"":1}"
locations,45,"{""id"":45,""kind"":""locality"",""parent_id"":44,""name"":""Indiranagar"",""slug"":""indiranagar"",""code"":null,""pin_code"":null,""latitude"":null,""longitude"":null,""search_text"":""Indiranagar, Bengaluru, Bengaluru Urban, Karnataka, India"",""is_active"":1}"
locations,46,"{""id"":46,""kind"":""pincode"",""parent_id"":45,""name"":""560038"",""slug"":""pin-560038"",""code"":null,""pin_code"":""560038"",""latitude"":null,""longitude"":null,""search_text"":""560038, Indiranagar, Bengaluru, Bengaluru Urban, Karnataka, India"",""is_active"":1}"
locations,47,"{""id"":47,""kind"":""locality"",""parent_id"":44,""name"":""Koramangala"",""slug"":""koramangala"",""code"":null,""pin_code"":null,""latitude"":null,""longitude"":null,""search_text"":""Koramangala, Bengaluru, Bengaluru Urban, Karnataka, India"",""is_active"":1}"
locations,48,"{""id"":48,""kind"":""pincode"",""parent_id"":47,""name"":""560034"",""slug"":""pin-560034"",""code"":null,""pin_code"":""560034"",""latitude"":null,""longitude"":null,""search_text"":""560034, Koramangala, Bengaluru, Bengaluru Urban, Karnataka, India"",""is_active"":1}"
locations,49,"{""id"":49,""kind"":""locality"",""parent_id"":44,""name"":""Jayanagar"",""slug"":""jayanagar"",""code"":null,""pin_code"":null,""latitude"":null,""longitude"":null,""search_text"":""Jayanagar, Bengaluru, Bengaluru Urban, Karnataka, India"",""is_active"":1}"
locations,50,"{""id"":50,""kind"":""pincode"",""parent_id"":49,""name"":""560041"",""slug"":""pin-560041"",""code"":null,""pin_code"":""560041"",""latitude"":null,""longitude"":null,""search_text"":""560041, Jayanagar, Bengaluru, Bengaluru Urban, Karnataka, India"",""is_active"":1}"
locations,51,"{""id"":51,""kind"":""locality"",""parent_id"":44,""name"":""Whitefield"",""slug"":""whitefield"",""code"":null,""pin_code"":null,""latitude"":null,""longitude"":null,""search_text"":""Whitefield, Bengaluru, Bengaluru Urban, Karnataka, India"",""is_active"":1}"
locations,52,"{""id"":52,""kind"":""pincode"",""parent_id"":51,""name"":""560066"",""slug"":""pin-560066"",""code"":null,""pin_code"":""560066"",""latitude"":null,""longitude"":null,""search_text"":""560066, Whitefield, Bengaluru, Bengaluru Urban, Karnataka, India"",""is_active"":1}"
locations,53,"{""id"":53,""kind"":""district"",""parent_id"":42,""name"":""Mysuru"",""slug"":""mysuru"",""code"":null,""pin_code"":null,""latitude"":null,""longitude"":null,""search_text"":""Mysuru, Karnataka, India"",""is_active"":1}"
locations,54,"{""id"":54,""kind"":""city"",""parent_id"":53,""name"":""Mysuru"",""slug"":""mysuru"",""code"":null,""pin_code"":null,""latitude"":12.2958,""longitude"":76.6394,""search_text"":""Mysuru, Mysuru, Karnataka, India"",""is_active"":1}"
locations,55,"{""id"":55,""kind"":""locality"",""parent_id"":54,""name"":""Vijayanagar"",""slug"":""vijayanagar"",""code"":null,""pin_code"":null,""latitude"":null,""longitude"":null,""search_text"":""Vijayanagar, Mysuru, Mysuru, Karnataka, India"",""is_active"":1}"
locations,56,"{""id"":56,""kind"":""pincode"",""parent_id"":55,""name"":""570017"",""slug"":""pin-570017"",""code"":null,""pin_code"":""570017"",""latitude"":null,""longitude"":null,""search_text"":""570017, Vijayanagar, Mysuru, Mysuru, Karnataka, India"",""is_active"":1}"
locations,57,"{""id"":57,""kind"":""state"",""parent_id"":1,""name"":""Tamil Nadu"",""slug"":""tamil-nadu"",""code"":""TN"",""pin_code"":null,""latitude"":null,""longitude"":null,""search_text"":""Tamil Nadu, India"",""is_active"":1}"
locations,58,"{""id"":58,""kind"":""district"",""parent_id"":57,""name"":""Chennai"",""slug"":""chennai"",""code"":null,""pin_code"":null,""latitude"":null,""longitude"":null,""search_text"":""Chennai, Tamil Nadu, India"",""is_active"":1}"
locations,59,"{""id"":59,""kind"":""city"",""parent_id"":58,""name"":""Chennai"",""slug"":""chennai"",""code"":null,""pin_code"":null,""latitude"":13.0827,""longitude"":80.2707,""search_text"":""Chennai, Chennai, Tamil Nadu, India"",""is_active"":1}"
locations,60,"{""id"":60,""kind"":""locality"",""parent_id"":59,""name"":""T. Nagar"",""slug"":""t-nagar"",""code"":null,""pin_code"":null,""latitude"":null,""longitude"":null,""search_text"":""T. Nagar, Chennai, Chennai, Tamil Nadu, India"",""is_active"":1}"
locations,61,"{""id"":61,""kind"":""pincode"",""parent_id"":60,""name"":""600017"",""slug"":""pin-600017"",""code"":null,""pin_code"":""600017"",""latitude"":null,""longitude"":null,""search_text"":""600017, T. Nagar, Chennai, Chennai, Tamil Nadu, India"",""is_active"":1}"
locations,62,"{""id"":62,""kind"":""locality"",""parent_id"":59,""name"":""Adyar"",""slug"":""adyar"",""code"":null,""pin_code"":null,""latitude"":null,""longitude"":null,""search_text"":""Adyar, Chennai, Chennai, Tamil Nadu, India"",""is_active"":1}"
locations,63,"{""id"":63,""kind"":""pincode"",""parent_id"":62,""name"":""600020"",""slug"":""pin-600020"",""code"":null,""pin_code"":""600020"",""latitude"":null,""longitude"":null,""search_text"":""600020, Adyar, Chennai, Chennai, Tamil Nadu, India"",""is_active"":1}"
locations,64,"{""id"":64,""kind"":""locality"",""parent_id"":59,""name"":""Velachery"",""slug"":""velachery"",""code"":null,""pin_code"":null,""latitude"":null,""longitude"":null,""search_text"":""Velachery, Chennai, Chennai, Tamil Nadu, India"",""is_active"":1}"
locations,65,"{""id"":65,""kind"":""pincode"",""parent_id"":64,""name"":""600042"",""slug"":""pin-600042"",""code"":null,""pin_code"":""600042"",""latitude"":null,""longitude"":null,""search_text"":""600042, Velachery, Chennai, Chennai, Tamil Nadu, India"",""is_active"":1}"
locations,66,"{""id"":66,""kind"":""district"",""parent_id"":57,""name"":""Coimbatore"",""slug"":""coimbatore"",""code"":null,""pin_code"":null,""latitude"":null,""longitude"":null,""search_text"":""Coimbatore, Tamil Nadu, India"",""is_active"":1}"
locations,67,"{""id"":67,""kind"":""city"",""parent_id"":66,""name"":""Coimbatore"",""slug"":""coimbatore"",""code"":null,""pin_code"":null,""latitude"":11.0168,""longitude"":76.9558,""search_text"":""Coimbatore, Coimbatore, Tamil Nadu, India"",""is_active"":1}"
locations,68,"{""id"":68,""kind"":""locality"",""parent_id"":67,""name"":""RS Puram"",""slug"":""rs-puram"",""code"":null,""pin_code"":null,""latitude"":null,""longitude"":null,""search_text"":""RS Puram, Coimbatore, Coimbatore, Tamil Nadu, India"",""is_active"":1}"
locations,69,"{""id"":69,""kind"":""pincode"",""parent_id"":68,""name"":""641002"",""slug"":""pin-641002"",""code"":null,""pin_code"":""641002"",""latitude"":null,""longitude"":null,""search_text"":""641002, RS Puram, Coimbatore, Coimbatore, Tamil Nadu, India"",""is_active"":1}"
locations,70,"{""id"":70,""kind"":""state"",""parent_id"":1,""name"":""Delhi"",""slug"":""delhi"",""code"":""DL"",""pin_code"":null,""latitude"":null,""longitude"":null,""search_text"":""Delhi, India"",""is_active"":1}"
locations,71,"{""id"":71,""kind"":""district"",""parent_id"":70,""name"":""New Delhi"",""slug"":""new-delhi"",""code"":null,""pin_code"":null,""latitude"":null,""longitude"":null,""search_text"":""New Delhi, Delhi, India"",""is_active"":1}"
locations,72,"{""id"":72,""kind"":""city"",""parent_id"":71,""name"":""New Delhi"",""slug"":""new-delhi"",""code"":null,""pin_code"":null,""latitude"":28.6139,""longitude"":77.209,""search_text"":""New Delhi, New Delhi, Delhi, India"",""is_active"":1}"
locations,73,"{""id"":73,""kind"":""locality"",""parent_id"":72,""name"":""Connaught Place"",""slug"":""connaught-place"",""code"":null,""pin_code"":null,""latitude"":null,""longitude"":null,""search_text"":""Connaught Place, New Delhi, New Delhi, Delhi, India"",""is_active"":1}"
locations,74,"{""id"":74,""kind"":""pincode"",""parent_id"":73,""name"":""110001"",""slug"":""pin-110001"",""code"":null,""pin_code"":""110001"",""latitude"":null,""longitude"":null,""search_text"":""110001, Connaught Place, New Delhi, New Delhi, Delhi, India"",""is_active"":1}"
locations,75,"{""id"":75,""kind"":""locality"",""parent_id"":72,""name"":""Lajpat Nagar"",""slug"":""lajpat-nagar"",""code"":null,""pin_code"":null,""latitude"":null,""longitude"":null,""search_text"":""Lajpat Nagar, New Delhi, New Delhi, Delhi, India"",""is_active"":1}"
locations,76,"{""id"":76,""kind"":""pincode"",""parent_id"":75,""name"":""110024"",""slug"":""pin-110024"",""code"":null,""pin_code"":""110024"",""latitude"":null,""longitude"":null,""search_text"":""110024, Lajpat Nagar, New Delhi, New Delhi, Delhi, India"",""is_active"":1}"
locations,77,"{""id"":77,""kind"":""district"",""parent_id"":70,""name"":""South West Delhi"",""slug"":""south-west-delhi"",""code"":null,""pin_code"":null,""latitude"":null,""longitude"":null,""search_text"":""South West Delhi, Delhi, India"",""is_active"":1}"
locations,78,"{""id"":78,""kind"":""city"",""parent_id"":77,""name"":""Dwarka"",""slug"":""dwarka"",""code"":null,""pin_code"":null,""latitude"":28.5921,""longitude"":77.046,""search_text"":""Dwarka, South West Delhi, Delhi, India"",""is_active"":1}"
locations,79,"{""id"":79,""kind"":""locality"",""parent_id"":78,""name"":""Dwarka Sector 6"",""slug"":""dwarka-sector-6"",""code"":null,""pin_code"":null,""latitude"":null,""longitude"":null,""search_text"":""Dwarka Sector 6, Dwarka, South West Delhi, Delhi, India"",""is_active"":1}"
locations,80,"{""id"":80,""kind"":""pincode"",""parent_id"":79,""name"":""110075"",""slug"":""pin-110075"",""code"":null,""pin_code"":""110075"",""latitude"":null,""longitude"":null,""search_text"":""110075, Dwarka Sector 6, Dwarka, South West Delhi, Delhi, India"",""is_active"":1}"
locations,81,"{""id"":81,""kind"":""state"",""parent_id"":1,""name"":""Uttar Pradesh"",""slug"":""uttar-pradesh"",""code"":""UP"",""pin_code"":null,""latitude"":null,""longitude"":null,""search_text"":""Uttar Pradesh, India"",""is_active"":1}"
locations,82,"{""id"":82,""kind"":""district"",""parent_id"":81,""name"":""Lucknow"",""slug"":""lucknow"",""code"":null,""pin_code"":null,""latitude"":null,""longitude"":null,""search_text"":""Lucknow, Uttar Pradesh, India"",""is_active"":1}"
locations,83,"{""id"":83,""kind"":""city"",""parent_id"":82,""name"":""Lucknow"",""slug"":""lucknow"",""code"":null,""pin_code"":null,""latitude"":26.8467,""longitude"":80.9462,""search_text"":""Lucknow, Lucknow, Uttar Pradesh, India"",""is_active"":1}"
locations,84,"{""id"":84,""kind"":""locality"",""parent_id"":83,""name"":""Hazratganj"",""slug"":""hazratganj"",""code"":null,""pin_code"":null,""latitude"":null,""longitude"":null,""search_text"":""Hazratganj, Lucknow, Lucknow, Uttar Pradesh, India"",""is_active"":1}"
locations,85,"{""id"":85,""kind"":""pincode"",""parent_id"":84,""name"":""226001"",""slug"":""pin-226001"",""code"":null,""pin_code"":""226001"",""latitude"":null,""longitude"":null,""search_text"":""226001, Hazratganj, Lucknow, Lucknow, Uttar Pradesh, India"",""is_active"":1}"
locations,86,"{""id"":86,""kind"":""locality"",""parent_id"":83,""name"":""Gomti Nagar"",""slug"":""gomti-nagar"",""code"":null,""pin_code"":null,""latitude"":null,""longitude"":null,""search_text"":""Gomti Nagar, Lucknow, Lucknow, Uttar Pradesh, India"",""is_active"":1}"
locations,87,"{""id"":87,""kind"":""pincode"",""parent_id"":86,""name"":""226010"",""slug"":""pin-226010"",""code"":null,""pin_code"":""226010"",""latitude"":null,""longitude"":null,""search_text"":""226010, Gomti Nagar, Lucknow, Lucknow, Uttar Pradesh, India"",""is_active"":1}"
locations,88,"{""id"":88,""kind"":""district"",""parent_id"":81,""name"":""Gautam Buddha Nagar"",""slug"":""gautam-buddha-nagar"",""code"":null,""pin_code"":null,""latitude"":null,""longitude"":null,""search_text"":""Gautam Buddha Nagar, Uttar Pradesh, India"",""is_active"":1}"
locations,89,"{""id"":89,""kind"":""city"",""parent_id"":88,""name"":""Noida"",""slug"":""noida"",""code"":null,""pin_code"":null,""latitude"":28.5355,""longitude"":77.391,""search_text"":""Noida, Gautam Buddha Nagar, Uttar Pradesh, India"",""is_active"":1}"
locations,90,"{""id"":90,""kind"":""locality"",""parent_id"":89,""name"":""Sector 18"",""slug"":""sector-18"",""code"":null,""pin_code"":null,""latitude"":null,""longitude"":null,""search_text"":""Sector 18, Noida, Gautam Buddha Nagar, Uttar Pradesh, India"",""is_active"":1}"
locations,91,"{""id"":91,""kind"":""pincode"",""parent_id"":90,""name"":""201301"",""slug"":""pin-201301"",""code"":null,""pin_code"":""201301"",""latitude"":null,""longitude"":null,""search_text"":""201301, Sector 18, Noida, Gautam Buddha Nagar, Uttar Pradesh, India"",""is_active"":1}"
locations,92,"{""id"":92,""kind"":""state"",""parent_id"":1,""name"":""West Bengal"",""slug"":""west-bengal"",""code"":""WB"",""pin_code"":null,""latitude"":null,""longitude"":null,""search_text"":""West Bengal, India"",""is_active"":1}"
locations,93,"{""id"":93,""kind"":""district"",""parent_id"":92,""name"":""Kolkata"",""slug"":""kolkata"",""code"":null,""pin_code"":null,""latitude"":null,""longitude"":null,""search_text"":""Kolkata, West Bengal, India"",""is_active"":1}"
locations,94,"{""id"":94,""kind"":""city"",""parent_id"":93,""name"":""Kolkata"",""slug"":""kolkata"",""code"":null,""pin_code"":null,""latitude"":22.5726,""longitude"":88.3639,""search_text"":""Kolkata, Kolkata, West Bengal, India"",""is_active"":1}"
locations,95,"{""id"":95,""kind"":""locality"",""parent_id"":94,""name"":""Park Street"",""slug"":""park-street"",""code"":null,""pin_code"":null,""latitude"":null,""longitude"":null,""search_text"":""Park Street, Kolkata, Kolkata, West Bengal, India"",""is_active"":1}"
locations,96,"{""id"":96,""kind"":""pincode"",""parent_id"":95,""name"":""700016"",""slug"":""pin-700016"",""code"":null,""pin_code"":""700016"",""latitude"":null,""longitude"":null,""search_text"":""700016, Park Street, Kolkata, Kolkata, West Bengal, India"",""is_active"":1}"
locations,97,"{""id"":97,""kind"":""locality"",""parent_id"":94,""name"":""Salt Lake City"",""slug"":""salt-lake-city"",""code"":null,""pin_code"":null,""latitude"":null,""longitude"":null,""search_text"":""Salt Lake City, Kolkata, Kolkata, West Bengal, India"",""is_active"":1}"
locations,98,"{""id"":98,""kind"":""pincode"",""parent_id"":97,""name"":""700064"",""slug"":""pin-700064"",""code"":null,""pin_code"":""700064"",""latitude"":null,""longitude"":null,""search_text"":""700064, Salt Lake City, Kolkata, Kolkata, West Bengal, India"",""is_active"":1}"
locations,99,"{""id"":99,""kind"":""state"",""parent_id"":1,""name"":""Rajasthan"",""slug"":""rajasthan"",""code"":""RJ"",""pin_code"":null,""latitude"":null,""longitude"":null,""search_text"":""Rajasthan, India"",""is_active"":1}"
locations,100,"{""id"":100,""kind"":""district"",""parent_id"":99,""name"":""Jaipur"",""slug"":""jaipur"",""code"":null,""pin_code"":null,""latitude"":null,""longitude"":null,""search_text"":""Jaipur, Rajasthan, India"",""is_active"":1}"
locations,101,"{""id"":101,""kind"":""city"",""parent_id"":100,""name"":""Jaipur"",""slug"":""jaipur"",""code"":null,""pin_code"":null,""latitude"":26.9124,""longitude"":75.7873,""search_text"":""Jaipur, Jaipur, Rajasthan, India"",""is_active"":1}"
locations,102,"{""id"":102,""kind"":""locality"",""parent_id"":101,""name"":""Malviya Nagar"",""slug"":""malviya-nagar"",""code"":null,""pin_code"":null,""latitude"":null,""longitude"":null,""search_text"":""Malviya Nagar, Jaipur, Jaipur, Rajasthan, India"",""is_active"":1}"
locations,103,"{""id"":103,""kind"":""pincode"",""parent_id"":102,""name"":""302017"",""slug"":""pin-302017"",""code"":null,""pin_code"":""302017"",""latitude"":null,""longitude"":null,""search_text"":""302017, Malviya Nagar, Jaipur, Jaipur, Rajasthan, India"",""is_active"":1}"
locations,104,"{""id"":104,""kind"":""locality"",""parent_id"":101,""name"":""Vaishali Nagar"",""slug"":""vaishali-nagar"",""code"":null,""pin_code"":null,""latitude"":null,""longitude"":null,""search_text"":""Vaishali Nagar, Jaipur, Jaipur, Rajasthan, India"",""is_active"":1}"
locations,105,"{""id"":105,""kind"":""pincode"",""parent_id"":104,""name"":""302021"",""slug"":""pin-302021"",""code"":null,""pin_code"":""302021"",""latitude"":null,""longitude"":null,""search_text"":""302021, Vaishali Nagar, Jaipur, Jaipur, Rajasthan, India"",""is_active"":1}"
categories,1,"{""id"":1,""parent_id"":null,""name"":""Home Repair & Maintenance"",""slug"":""home-repair-maintenance"",""description"":null,""icon"":""🔧"",""sort_order"":1,""is_active"":1}"
categories,2,"{""id"":2,""parent_id"":1,""name"":""Plumber"",""slug"":""plumber"",""description"":null,""icon"":""🚿"",""sort_order"":1,""is_active"":1}"
categories,3,"{""id"":3,""parent_id"":1,""name"":""Electrician"",""slug"":""electrician"",""description"":null,""icon"":""💡"",""sort_order"":2,""is_active"":1}"
categories,4,"{""id"":4,""parent_id"":1,""name"":""Carpenter"",""slug"":""carpenter"",""description"":null,""icon"":""🪚"",""sort_order"":3,""is_active"":1}"
categories,5,"{""id"":5,""parent_id"":1,""name"":""Painter"",""slug"":""painter"",""description"":null,""icon"":""🎨"",""sort_order"":4,""is_active"":1}"
categories,6,"{""id"":6,""parent_id"":1,""name"":""AC Repair & Service"",""slug"":""ac-repair-service"",""description"":null,""icon"":""❄️"",""sort_order"":5,""is_active"":1}"
categories,7,"{""id"":7,""parent_id"":1,""name"":""Appliance Repair"",""slug"":""appliance-repair"",""description"":null,""icon"":""🧰"",""sort_order"":6,""is_active"":1}"
categories,8,"{""id"":8,""parent_id"":null,""name"":""Cleaning & Pest Control"",""slug"":""cleaning-pest-control"",""description"":null,""icon"":""🧽"",""sort_order"":2,""is_active"":1}"
categories,9,"{""id"":9,""parent_id"":8,""name"":""Home Deep Cleaning"",""slug"":""home-deep-cleaning"",""description"":null,""icon"":""🏠"",""sort_order"":1,""is_active"":1}"
categories,10,"{""id"":10,""parent_id"":8,""name"":""Pest Control"",""slug"":""pest-control"",""description"":null,""icon"":""🐜"",""sort_order"":2,""is_active"":1}"
categories,11,"{""id"":11,""parent_id"":8,""name"":""Sofa & Carpet Cleaning"",""slug"":""sofa-carpet-cleaning"",""description"":null,""icon"":""🛋️"",""sort_order"":3,""is_active"":1}"
categories,12,"{""id"":12,""parent_id"":null,""name"":""Education & Tutoring"",""slug"":""education-tutoring"",""description"":null,""icon"":""📚"",""sort_order"":3,""is_active"":1}"
categories,13,"{""id"":13,""parent_id"":12,""name"":""Home Tutor"",""slug"":""home-tutor"",""description"":null,""icon"":""🧑‍🏫"",""sort_order"":1,""is_active"":1}"
categories,14,"{""id"":14,""parent_id"":12,""name"":""Competitive Exam Coaching"",""slug"":""competitive-exam-coaching"",""description"":null,""icon"":""🎯"",""sort_order"":2,""is_active"":1}"
categories,15,"{""id"":15,""parent_id"":12,""name"":""Computer Training"",""slug"":""computer-training"",""description"":null,""icon"":""💻"",""sort_order"":3,""is_active"":1}"
categories,16,"{""id"":16,""parent_id"":null,""name"":""Health & Wellness"",""slug"":""health-wellness"",""description"":null,""icon"":""🩺"",""sort_order"":4,""is_active"":1}"
categories,17,"{""id"":17,""parent_id"":16,""name"":""Physiotherapist at Home"",""slug"":""physiotherapist-at-home"",""description"":null,""icon"":""🧘"",""sort_order"":1,""is_active"":1}"
categories,18,"{""id"":18,""parent_id"":16,""name"":""Nurse at Home"",""slug"":""nurse-at-home"",""description"":null,""icon"":""⚕️"",""sort_order"":2,""is_active"":1}"
categories,19,"{""id"":19,""parent_id"":16,""name"":""Yoga Trainer"",""slug"":""yoga-trainer"",""description"":null,""icon"":""🕉️"",""sort_order"":3,""is_active"":1}"
categories,20,"{""id"":20,""parent_id"":null,""name"":""Events & Photography"",""slug"":""events-photography"",""description"":null,""icon"":""📸"",""sort_order"":5,""is_active"":1}"
categories,21,"{""id"":21,""parent_id"":20,""name"":""Wedding Photographer"",""slug"":""wedding-photographer"",""description"":null,""icon"":""📷"",""sort_order"":1,""is_active"":1}"
categories,22,"{""id"":22,""parent_id"":20,""name"":""Catering Services"",""slug"":""catering-services"",""description"":null,""icon"":""🍛"",""sort_order"":2,""is_active"":1}"
categories,23,"{""id"":23,""parent_id"":20,""name"":""Tent & Decoration"",""slug"":""tent-decoration"",""description"":null,""icon"":""🎪"",""sort_order"":3,""is_active"":1}"
categories,24,"{""id"":24,""parent_id"":null,""name"":""Vehicles & Transport"",""slug"":""vehicles-transport"",""description"":null,""icon"":""🚗"",""sort_order"":6,""is_active"":1}"
categories,25,"{""id"":25,""parent_id"":24,""name"":""Car Mechanic"",""slug"":""car-mechanic"",""description"":null,""icon"":""🔩"",""sort_order"":1,""is_active"":1}"
categories,26,"{""id"":26,""parent_id"":24,""name"":""Two-Wheeler Repair"",""slug"":""two-wheeler-repair"",""description"":null,""icon"":""🛵"",""sort_order"":2,""is_active"":1}"
categories,27,"{""id"":27,""parent_id"":24,""name"":""Taxi & Rental"",""slug"":""taxi-rental"",""description"":null,""icon"":""🚕"",""sort_order"":3,""is_active"":1}"
categories,28,"{""id"":28,""parent_id"":24,""name"":""Driver on Hire"",""slug"":""driver-on-hire"",""description"":null,""icon"":""🧑‍✈️"",""sort_order"":4,""is_active"":1}"
categories,29,"{""id"":29,""parent_id"":null,""name"":""Beauty & Personal Care"",""slug"":""beauty-personal-care"",""description"":null,""icon"":""💇"",""sort_order"":7,""is_active"":1}"
categories,30,"{""id"":30,""parent_id"":29,""name"":""Salon at Home"",""slug"":""salon-at-home"",""description"":null,""icon"":""💅"",""sort_order"":1,""is_active"":1}"
categories,31,"{""id"":31,""parent_id"":29,""name"":""Bridal Makeup"",""slug"":""bridal-makeup"",""description"":null,""icon"":""👰"",""sort_order"":2,""is_active"":1}"
categories,32,"{""id"":32,""parent_id"":null,""name"":""Professional Services"",""slug"":""professional-services"",""description"":null,""icon"":""💼"",""sort_order"":8,""is_active"":1}"
categories,33,"{""id"":33,""parent_id"":32,""name"":""CA & Tax Filing"",""slug"":""ca-tax-filing"",""description"":null,""icon"":""🧾"",""sort_order"":1,""is_active"":1}"
categories,34,"{""id"":34,""parent_id"":32,""name"":""Legal Consultant"",""slug"":""legal-consultant"",""description"":null,""icon"":""⚖️"",""sort_order"":2,""is_active"":1}"
categories,35,"{""id"":35,""parent_id"":32,""name"":""Interior Designer"",""slug"":""interior-designer"",""description"":null,""icon"":""📐"",""sort_order"":3,""is_active"":1}"
categories,36,"{""id"":36,""parent_id"":32,""name"":""Website & App Developer"",""slug"":""website-app-developer"",""description"":null,""icon"":""🌐"",""sort_order"":4,""is_active"":1}"
providers,1,"{""id"":1,""user_id"":null,""business_name"":""Borah Plumbing Works"",""slug"":""borah-plumbing-works"",""contact_name"":""Nayan Borah"",""phone"":""9000000001"",""alt_phone"":null,""email"":null,""category_id"":2,""location_id"":5,""pin_code"":""781001"",""address_line"":null,""about"":""Leak repair, bathroom fittings and motor installation across Guwahati. Same-day response for emergencies."",""experience_years"":12,""is_verified"":1,""status"":""active"",""rating_avg"":4.7,""rating_count"":63,""photo_urls"":""[]""}"
providers,2,"{""id"":2,""user_id"":null,""business_name"":""Dispur Electric Care"",""slug"":""dispur-electric-care"",""contact_name"":""Pranab Deka"",""phone"":""9000000002"",""alt_phone"":null,""email"":null,""category_id"":3,""location_id"":7,""pin_code"":""781006"",""address_line"":null,""about"":""Wiring, fan and inverter work for homes and small offices. ISI-grade materials only."",""experience_years"":9,""is_verified"":1,""status"":""active"",""rating_avg"":4.6,""rating_count"":41,""photo_urls"":""[]""}"
providers,3,"{""id"":3,""user_id"":null,""business_name"":""Namma Pipe Solutions"",""slug"":""namma-pipe-solutions"",""contact_name"":""Ravi Kumar"",""phone"":""9000000003"",""alt_phone"":null,""email"":null,""category_id"":2,""location_id"":45,""pin_code"":""560038"",""address_line"":null,""about"":""Residential plumbing across east Bengaluru, including CPVC re-piping."",""experience_years"":7,""is_verified"":0,""status"":""active"",""rating_avg"":4.3,""rating_count"":28,""photo_urls"":""[]""}"
providers,4,"{""id"":4,""user_id"":null,""business_name"":""Andheri Electricians Hub"",""slug"":""andheri-electricians-hub"",""contact_name"":""Salim Shaikh"",""phone"":""9000000004"",""alt_phone"":null,""email"":null,""category_id"":3,""location_id"":24,""pin_code"":""400069"",""address_line"":null,""about"":""24x7 electrical emergency service for Andheri East and MIDC."",""experience_years"":15,""is_verified"":1,""status"":""active"",""rating_avg"":4.8,""rating_count"":112,""photo_urls"":""[]""}"
providers,5,"{""id"":5,""user_id"":null,""business_name"":""Shiksha Home Tutors"",""slug"":""shiksha-home-tutors"",""contact_name"":""Anjali Deshpande"",""phone"":""9000000005"",""alt_phone"":null,""email"":null,""category_id"":13,""location_id"":32,""pin_code"":""411038"",""address_line"":null,""about"":""Class 8-12 Maths and Science tutors, verified background checks, demo class free."",""experience_years"":11,""is_verified"":1,""status"":""active"",""rating_avg"":4.9,""rating_count"":87,""photo_urls"":""[]""}"
providers,6,"{""id"":6,""user_id"":null,""business_name"":""Chennai Sparkle Services"",""slug"":""chennai-sparkle-services"",""contact_name"":""Karthik Raja"",""phone"":""9000000006"",""alt_phone"":null,""email"":null,""category_id"":9,""location_id"":60,""pin_code"":""600017"",""address_line"":null,""about"":""Full-home deep cleaning with a four-member trained team."",""experience_years"":6,""is_verified"":0,""status"":""active"",""rating_avg"":4.2,""rating_count"":19,""photo_urls"":""[]""}"
providers,7,"{""id"":7,""user_id"":null,""business_name"":""Cool Care Delhi"",""slug"":""cool-care-delhi"",""contact_name"":""Mohit Verma"",""phone"":""9000000007"",""alt_phone"":null,""email"":null,""category_id"":6,""location_id"":75,""pin_code"":""110024"",""address_line"":null,""about"":""Split & window AC service, gas top-up and installation across south Delhi."",""experience_years"":10,""is_verified"":1,""status"":""active"",""rating_avg"":4.5,""rating_count"":74,""photo_urls"":""[]""}"
providers,8,"{""id"":8,""user_id"":null,""business_name"":""Salt Lake Auto Garage"",""slug"":""salt-lake-auto-garage"",""contact_name"":""Debashis Ghosh"",""phone"":""9000000008"",""alt_phone"":null,""email"":null,""category_id"":25,""location_id"":97,""pin_code"":""700064"",""address_line"":null,""about"":""Doorstep car service and breakdown assistance in Salt Lake and New Town."",""experience_years"":18,""is_verified"":1,""status"":""active"",""rating_avg"":4.4,""rating_count"":56,""photo_urls"":""[]""}"
providers,9,"{""id"":9,""user_id"":null,""business_name"":""Vivah Frames Studio"",""slug"":""vivah-frames-studio"",""contact_name"":""Neha Agarwal"",""phone"":""9000000009"",""alt_phone"":null,""email"":null,""category_id"":21,""location_id"":102,""pin_code"":""302017"",""address_line"":null,""about"":""Candid wedding photography and cinematography across Rajasthan."",""experience_years"":8,""is_verified"":0,""status"":""active"",""rating_avg"":4.6,""rating_count"":33,""photo_urls"":""[]""}"
providers,10,"{""id"":10,""user_id"":null,""business_name"":""Sharma & Associates CA"",""slug"":""sharma-associates-ca"",""contact_name"":""CA Rahul Sharma"",""phone"":""9000000010"",""alt_phone"":null,""email"":null,""category_id"":33,""location_id"":84,""pin_code"":""226001"",""address_line"":null,""about"":""ITR filing, GST registration and small-business bookkeeping."",""experience_years"":14,""is_verified"":1,""status"":""active"",""rating_avg"":4.8,""rating_count"":48,""photo_urls"":""[]""}"
services,1,"{""id"":1,""provider_id"":1,""category_id"":2,""location_id"":5,""title"":""Bathroom tap & shower repair"",""slug"":""bathroom-tap-shower-repair-1"",""description"":null,""pin_code"":""781001"",""price_min"":299,""price_max"":699,""price_unit"":""visit"",""status"":""active""}"
services,2,"{""id"":2,""provider_id"":1,""category_id"":2,""location_id"":5,""title"":""Water motor installation"",""slug"":""water-motor-installation-1"",""description"":null,""pin_code"":""781001"",""price_min"":1200,""price_max"":2500,""price_unit"":""job"",""status"":""active""}"
services,3,"{""id"":3,""provider_id"":2,""category_id"":3,""location_id"":7,""title"":""House wiring fault diagnosis"",""slug"":""house-wiring-fault-diagnosis-2"",""description"":null,""pin_code"":""781006"",""price_min"":400,""price_max"":900,""price_unit"":""visit"",""status"":""active""}"
services,4,"{""id"":4,""provider_id"":2,""category_id"":3,""location_id"":7,""title"":""Inverter & battery setup"",""slug"":""inverter-battery-setup-2"",""description"":null,""pin_code"":""781006"",""price_min"":800,""price_max"":1500,""price_unit"":""job"",""status"":""active""}"
services,5,"{""id"":5,""provider_id"":3,""category_id"":2,""location_id"":45,""title"":""Kitchen sink leakage repair"",""slug"":""kitchen-sink-leakage-repair-3"",""description"":null,""pin_code"":""560038"",""price_min"":350,""price_max"":800,""price_unit"":""visit"",""status"":""active""}"
services,6,"{""id"":6,""provider_id"":4,""category_id"":3,""location_id"":24,""title"":""Emergency power failure visit"",""slug"":""emergency-power-failure-visit-4"",""description"":null,""pin_code"":""400069"",""price_min"":500,""price_max"":500,""price_unit"":""visit"",""status"":""active""}"
services,7,"{""id"":7,""provider_id"":4,""category_id"":3,""location_id"":24,""title"":""MCB & distribution board upgrade"",""slug"":""mcb-distribution-board-upgrade-4"",""description"":null,""pin_code"":""400069"",""price_min"":1500,""price_max"":4000,""price_unit"":""job"",""status"":""active""}"
services,8,"{""id"":8,""provider_id"":5,""category_id"":13,""location_id"":32,""title"":""Class 10 Maths home tuition"",""slug"":""class-10-maths-home-tuition-5"",""description"":null,""pin_code"":""411038"",""price_min"":3000,""price_max"":5000,""price_unit"":""month"",""status"":""active""}"
services,9,"{""id"":9,""provider_id"":6,""category_id"":9,""location_id"":60,""title"":""2BHK full home deep cleaning"",""slug"":""2bhk-full-home-deep-cleaning-6"",""description"":null,""pin_code"":""600017"",""price_min"":3500,""price_max"":4500,""price_unit"":""job"",""status"":""active""}"
services,10,"{""id"":10,""provider_id"":7,""category_id"":6,""location_id"":75,""title"":""Split AC jet service"",""slug"":""split-ac-jet-service-7"",""description"":null,""pin_code"":""110024"",""price_min"":599,""price_max"":899,""price_unit"":""visit"",""status"":""active""}"
services,11,"{""id"":11,""provider_id"":7,""category_id"":6,""location_id"":75,""title"":""AC gas refilling"",""slug"":""ac-gas-refilling-7"",""description"":null,""pin_code"":""110024"",""price_min"":2200,""price_max"":3500,""price_unit"":""job"",""status"":""active""}"
services,12,"{""id"":12,""provider_id"":8,""category_id"":25,""location_id"":97,""title"":""Doorstep general car service"",""slug"":""doorstep-general-car-service-8"",""description"":null,""pin_code"":""700064"",""price_min"":2500,""price_max"":5500,""price_unit"":""visit"",""status"":""active""}"
services,13,"{""id"":13,""provider_id"":9,""category_id"":21,""location_id"":102,""title"":""Full-day candid wedding coverage"",""slug"":""full-day-candid-wedding-coverage-9"",""description"":null,""pin_code"":""302017"",""price_min"":45000,""price_max"":85000,""price_unit"":""day"",""status"":""active""}"
services,14,"{""id"":14,""provider_id"":10,""category_id"":33,""location_id"":84,""title"":""Individual ITR filing"",""slug"":""individual-itr-filing-10"",""description"":null,""pin_code"":""226001"",""price_min"":1000,""price_max"":2500,""price_unit"":""job"",""status"":""active""}"
service_areas,1:781001,"{""provider_id"":1,""pin_code"":""781001"",""location_id"":6}"
service_areas,1:781006,"{""provider_id"":1,""pin_code"":""781006"",""location_id"":8}"
service_areas,1:781014,"{""provider_id"":1,""pin_code"":""781014"",""location_id"":10}"
service_areas,2:781006,"{""provider_id"":2,""pin_code"":""781006"",""location_id"":8}"
service_areas,2:781028,"{""provider_id"":2,""pin_code"":""781028"",""location_id"":12}"
service_areas,3:560038,"{""provider_id"":3,""pin_code"":""560038"",""location_id"":46}"
service_areas,3:560066,"{""provider_id"":3,""pin_code"":""560066"",""location_id"":52}"
service_areas,4:400050,"{""provider_id"":4,""pin_code"":""400050"",""location_id"":27}"
service_areas,4:400069,"{""provider_id"":4,""pin_code"":""400069"",""location_id"":25}"
service_areas,5:411014,"{""provider_id"":5,""pin_code"":""411014"",""location_id"":37}"
service_areas,5:411038,"{""provider_id"":5,""pin_code"":""411038"",""location_id"":33}"
service_areas,5:411057,"{""provider_id"":5,""pin_code"":""411057"",""location_id"":35}"
service_areas,6:600017,"{""provider_id"":6,""pin_code"":""600017"",""location_id"":61}"
service_areas,6:600020,"{""provider_id"":6,""pin_code"":""600020"",""location_id"":63}"
service_areas,6:600042,"{""provider_id"":6,""pin_code"":""600042"",""location_id"":65}"
service_areas,7:110001,"{""provider_id"":7,""pin_code"":""110001"",""location_id"":74}"
service_areas,7:110024,"{""provider_id"":7,""pin_code"":""110024"",""location_id"":76}"
service_areas,7:110075,"{""provider_id"":7,""pin_code"":""110075"",""location_id"":80}"
service_areas,8:700016,"{""provider_id"":8,""pin_code"":""700016"",""location_id"":96}"
service_areas,8:700064,"{""provider_id"":8,""pin_code"":""700064"",""location_id"":98}"
service_areas,9:302017,"{""provider_id"":9,""pin_code"":""302017"",""location_id"":103}"
service_areas,9:302021,"{""provider_id"":9,""pin_code"":""302021"",""location_id"":105}"
service_areas,10:201301,"{""provider_id"":10,""pin_code"":""201301"",""location_id"":91}"
service_areas,10:226001,"{""provider_id"":10,""pin_code"":""226001"",""location_id"":85}"
service_areas,10:226010,"{""provider_id"":10,""pin_code"":""226010"",""location_id"":87}"
